caseno,shortname,applicant,respondent,year,doc_date,doc_id,votes,unanimous,outcome,outcome_src,app_loss,resp_loss,ad_hoc_present,ad_hoc_name,ad_hoc_party,ad_hoc_for_applicant,ad_hoc_for_respondent,evidence,operative_short
1,CorfuChannel,GBR,ALB,1949,1949-04-09,ICJ_001_CorfuChannel_GBR_ALB_1949-04-09_JUD_01_ME_00_EN.txt,11-5;10-6;14-2,True,applicant_win,auto,1.0,1.5,1,M. DAXNER;M. ECER;ECER,respondent,0,1,RESP_LOSS(ALB): s Republic of Albania is responsible under international law for | APP_LOSS(GBR): the United Kingdom violated the sovereignty | RESP_WEAK(GBR won a point),"FOR THESE REASONS, THE COURT, on the first question put by the Special Agreement of March 25th, 1948, by eleven votes to five, Gives judgment that the People’s Republic of Albania …"
5,Fisheries,GBR,NOR,1951,1951-12-18,ICJ_005_Fisheries_GBR_NOR_1951-12-18_JUD_01_ME_00_EN.txt,10-2;8-4,False,respondent_win,manual,0.0,0.0,0,,unknown,0,0,,"For these reasons, THE COURT, rejecting all submissions to the contrary, Finds by ten votes to two, that the method employed for the delimitation of the fisheries zone by the Royal…"
7,Asylum,COL,PER,1950,1950-11-20,ICJ_007_Asylum_COL_PER_1950-11-20_JUD_01_ME_00_EN.txt,14-2;10-6,False,applicant_win,auto,0.0,1.0,1,(в тексте),both,1,1,RESP_LOSS(PER): Rejects the second submission ; on the counter-claim of the Government of Peru,"FOR THESE REASONS, THE COURT, on the submissions of the Government of Colombia, by fourteen votes to two, Rejects the first submission in so far as it involves a right for Colombia…"
11,USNationalsMorocco,FRA,USA,1952,1952-08-27,ICJ_011_USNationalsMorocco_FRA_USA_1952-08-27_JUD_01_ME_00_EN.txt,6-5;6-5;7-4;6-5,True,applicant_win,auto,0.0,2.0,0,,unknown,0,0,RESP_LOSS(USA): Rejects the Submissions of the United States of America relating to exemption fr | RESP_LOSS(USA): Rejects the Submissions of the United States of America relating to the consumpt,"For these reasons, THE COURT, on the Submissions of the Government of the French Republic, unanimously, Rejects its Submissions relating to the Decree of December 30th, 1048, issue…"
13,Asylum-Interpretation,COL,PER,1950,1950-11-27,ICJ_013_Asylum-Interpretation_COL_PER_1950-11-27_JUD_01_ME_00_EN.txt,,False,respondent_win,auto,0.0,0.0,1,(в тексте),unknown,0,0,,"FOR THESE REASONS, THE COURT, by twelve votes to one, Declares the request for interpretation of the Judgment of November 20th, 1950, presented on the same day by the Government of…"
14,HayaDeLaTorre,COL,PER,1951,1951-06-13,ICJ_014_HayaDeLaTorre_COL_PER_1951-06-13_JUD_01_ME_00_EN.txt,,False,respondent_win,auto,1.0,0.0,1,(в тексте),unknown,0,0,APP_LOSS(COL): dismiss the Submissions of Colombia by which the Court is asked to state solely,"For these reasons, the Court cannot give effect to the abovementioned Submissions. The alternative Submission of the Government of Colombia is as follows : “In the event of the Cou…"
15,Ambatielos,GRC,GBR,1953,1952-07-01,ICJ_015_Ambatielos_GRC_GBR_1952-07-01_JUD_01_PO_00_EN.txt,13-2;10-5,False,respondent_win,auto,0.0,0.0,1,M. SPrrorouLos;M. SrrrorouLos,applicant,1,0,,"For these reasons, the Court holds that either expressly (by virtue of the United Kingdom's own instrument of ratification) or by necessary implication (from the very nature of the…"
16,AngloIranianOil,GBR,IRN,1952,1952-07-22,ICJ_016_AngloIranianOil_GBR_IRN_1952-07-22_JUD_01_PO_00_EN.txt,9-5,False,respondent_win,auto,0.0,0.0,1,M. Karim SANDJABI,respondent,0,1,,"For these reasons, THE COURT, by nine votes to five, finds that it has no jurisdiction in the present case. Done in English and French, the English text being authoritative, at the…"
17,MinquiersEcrehos,FRA,GBR,1953,1953-11-17,ICJ_017_MinquiersEcrehos_FRA_GBR_1953-11-17_JUD_01_ME_00_EN.txt,,False,applicant_win,manual,0.0,0.0,0,,unknown,0,0,,"for these reasons, sovereignty over the islets and rocks of the Minquiers group and the Ecrehos group respectively belongs, in so far as these islets and rocks are capable of appro…"
18,Nottebohm,LIE,GTM,1955,1955-04-06,ICJ_018_Nottebohm_LIE_GTM_1955-04-06_JUD_01_ME_00_EN.txt,11-3,False,respondent_win,auto,0.0,0.0,1,(в тексте),both,1,1,,"For these reasons, THE COURT, by eleven votes to three, Holds that the claim submitted by the Government of the Principality of Liechtenstein is inadmissible. 26 NOTTEBOHM CASE (JU…"
19,MonetaryGold,ITA,FRA-GBR-USA,1954,1954-06-15,ICJ_019_MonetaryGold_ITA_FRA-GBR-USA_1954-06-15_JUD_01_PO_00_EN.txt,,True,respondent_win,manual,0.0,0.0,1,M. G. Morerr1,applicant,1,0,,"For these reasons, THE COURT, unanimously, finds that the jurisdiction conferred upon it by the common agreement of France, the United Kingdom, the United States of America and Ita…"
29,NorwegianLoans,FRA,NOR,1957,1957-07-06,ICJ_029_NorwegianLoans_FRA_NOR_1957-07-06_JUD_01_PO_00_EN.txt,12-3,False,respondent_win,auto,0.0,0.0,0,,unknown,0,0,,"For these reasons, THE COURT, by twelve votes to three, finds that it is without jurisdiction to adjudicate upon the dispute which has been brought before it by the Application of …"
32,PassageIndianTerritory,PRT,IND,1960,1957-11-26,ICJ_032_PassageIndianTerritory_PRT_IND_1957-11-26_JUD_01_PO_00_EN.txt,14-3;14-3;15-2;13-4;15-2,False,respondent_win,auto,0.0,0.0,1,(в тексте),unknown,0,0,,"For these reasons, THE COURT, by fourteen votes to three, rejects the First Preliminary Objection; by fourteen votes to three, rejects the Second Preliminary Objection; by sixteen …"
33,GuardianshipInfantsConvention,NLD,SWE,1958,1958-11-28,ICJ_033_GuardianshipInfantsConvention_NLD_SWE_1958-11-28_JUD_01_ME_00_EN.txt,12-4,False,respondent_win,auto,1.0,0.0,1,(в тексте),unknown,0,0,APP_LOSS(NLD): rejects the claim of the Government of the Netherlands. Done in French and Engli,"For these reasons, THE COURT, By twelve votes to four, rejects the claim of the Government of the Netherlands. Done in French and English, the French text being authoritative, at t…"
34,Interhandel,CHE,USA,1959,1959-03-21,ICJ_034_Interhandel_CHE_USA_1959-03-21_JUD_01_PO_00_EN.txt,10-5;10-5;9-6,True,respondent_win,manual,0.0,1.0,1,M. Paul Carry,unknown,0,0,RESP_LOSS(USA): rejects the First Preliminary Objection of the Government of the United States o,"For these reasons, THE COURT, by ten votes to five, rejects the First Preliminary Objection of the Government of the United States of America ; unanimously, rejects the Second Prel…"
35,AerialIndicent1955,ISR,BGR,1959,1959-05-26,ICJ_035_AerialIndicent1955_ISR_BGR_1959-05-26_JUD_01_PO_00_EN.txt,12-4,False,respondent_win,auto,0.0,0.0,1,(в тексте),unknown,0,0,,"For these reasons, THE COURT, by twelve votes to four, finds that it is without jurisdiction to adjudicate upon the dispute brought before it on October 16th, 1957, by the Applicat…"
38,SovereigntyFrontierLand,BEL,NLD,1959,1959-06-20,ICJ_038_SovereigntyFrontierLand_BEL_NLD_1959-06-20_JUD_01_ME_00_EN.txt,10-4,False,applicant_win,review,0.0,0.0,0,,unknown,0,0,,"For these reasons, THE COURT, by ten votes to four, finds that sovereignty over the plots shown in the survey and known from 1836 to 1843 as Nos. gr and 92, Section A, Zondereygen,…"
39,ArbitralAwardKingOfSpain,HND,NIC,1960,1960-11-18,ICJ_039_ArbitralAwardKingOfSpain_HND_NIC_1960-11-18_JUD_01_ME_00_EN.txt,,False,applicant_win,manual,0.0,0.0,1,(в тексте),unknown,0,0,,"For these reasons, May it please the Court, Rejecting the submissions of Honduras, I. To adjudge and declare that the decision given by King Alfonso XIII on 23 December 1906 invoke…"
45,TemplePreahVihear,KHM,THA,1962,1962-06-15,ICJ_045_TemplePreahVihear_KHM_THA_1962-06-15_JUD_01_ME_00_EN.txt,9-3;9-3;7-5,False,applicant_win,manual,0.0,0.0,0,,unknown,0,0,,"For these reasons, THE COURT, by nine votes to three, finds that the Temple of Preah Vihear is situated in territory under the sovereignty of Cambodia; 34 37 TEMPLE OF PREAH VIHEAR…"
46,SouthWestAfrica,ETH,ZAF,1966,1962-12-21,ICJ_046_SouthWestAfrica_ETH_ZAF_1962-12-21_JUD_01_PO_00_EN.txt,8-7,False,respondent_win,manual,0.0,0.0,1,(в тексте),unknown,0,0,,"For these reasons, THE COURT, by eight votes to seven, finds that it has jurisdiction to adjudicate upon the merits of the dispute. Done in English and in French, the English text …"
47,SouthWestAfrica,LBR,ZAF,1966,1962-12-21,ICJ_047_SouthWestAfrica_LBR_ZAF_1962-12-21_JUD_01_PO_00_EN.txt,8-7,False,respondent_win,manual,0.0,0.0,1,(в тексте),unknown,0,0,,"For these reasons, THE COURT, by eight votes to seven, finds that it has jurisdiction to adjudicate upon the merits of the dispute. Done in English and in French, the English text …"
48,NorthernCameroons,CMR,GBR,1963,1963-12-02,ICJ_048_NorthernCameroons_CMR_GBR_1963-12-02_JUD_01_PO_00_EN.txt,10-5,False,applicant_win,auto,0.0,0.0,1,(в тексте),unknown,0,0,,"For these reasons, THE COURT, by ten votes to five, finds that it cannot adjudicate upon the merits of the claim of the Federal Republic of Cameroon. Done in English and in French,…"
50,BarcelonaTraction1962,BEL,ESP,1970,1964-07-24,ICJ_050_BarcelonaTraction1962_BEL_ESP_1964-07-24_JUD_01_PO_00_EN.txt,12-4;10-6;9-7;10-6,False,respondent_win,auto,0.0,0.0,1,(в тексте),unknown,0,0,,"For these reasons, THE COURT, by twelve votes to four, rejects the first Preliminary Objection ; by ten votes to six, rejects the second Preliminary Objection ; by nine votes to se…"
51,NorthSeaContinentalShelf,DEU,DNK,1969,1969-02-20,ICJ_051_NorthSeaContinentalShelf_DEU_DNK_1969-02-20_JUD_01_ME_00_EN.txt,11-6,False,applicant_win,review,0.0,0.0,1,(в тексте),unknown,0,0,,"For these reasons, THE COURT, by eleven votes to six, finds that, in each case, (A) the use of the equidistance method of delimitation not being obligatory as between the Parties; …"
52,NorthSeaContinentalShelf,DEU,NLD,1969,1969-02-20,ICJ_052_NorthSeaContinentalShelf_DEU_NLD_1969-02-20_JUD_01_ME_00_EN.txt,11-6,False,applicant_win,review,0.0,0.0,1,(в тексте),unknown,0,0,,"For these reasons, THE COURT, by eleven votes to six, finds that, in each case, (A) the use of the equidistance method of delimitation not being obligatory as between the Parties; …"
54,ICAOCouncil,IND,PAK,1972,1972-08-18,ICJ_054_ICAOCouncil_IND_PAK_1972-08-18_JUD_01_ME_00_EN.txt,13-3;14-2,False,respondent_win,manual,1.0,0.0,1,(в тексте),unknown,0,0,APP_LOSS(IND): rejects the appeal made to the Court by the Government of India against the deci,"For these reasons, THE COURT, by thirteen votes to three, (1) rejects the Government of Pakistan's objections on the question of its competence, and finds that it has jurisdiction …"
55,FisheriesJurisdiction,GBR,ISL,1974,1974-07-25,ICJ_055_FisheriesJurisdiction_GBR_ISL_1974-07-25_JUD_01_ME_00_EN.txt,10-4;10-4,False,applicant_win,manual,0.0,0.0,0,,unknown,0,0,,"For these reasons, THE COURT, by ten votes to four, M @) finds that the Regulations concerning the Fishery Limits off Iceland (Reglugerd um fiskveidilandhelgi Islands) promulgated …"
56,FisheriesJurisdiction,DEU,ISL,1974,1974-07-25,ICJ_056_FisheriesJurisdiction_DEU_ISL_1974-07-25_JUD_01_ME_00_EN.txt,10-4;10-4;10-4,False,applicant_win,manual,0.0,0.0,1,(в тексте),unknown,0,0,,"For these reasons, THE COURT, by ten votes to four, (1) finds that the Regulations concerning the Fishery Limits off Iceland (Reglugerd um fiskveidilandhelgi Islands) promulgated b…"
58,NuclearTests,AUS,FRA,1974,1974-12-20,ICJ_058_NuclearTests_AUS_FRA_1974-12-20_JUD_01_ME_00_EN.txt,9-6;11-3,False,respondent_win,manual,0.0,0.0,1,(в тексте),unknown,0,0,,"For these reasons, THE COURT, by nine votes to six, finds that the claim of Australia no longer has any object and that the Court is therefore not called upon to give a decision th…"
59,NuclearTests,NZL,FRA,1974,1974-12-20,ICJ_059_NuclearTests_NZL_FRA_1974-12-20_JUD_01_ME_00_EN.txt,9-6,False,respondent_win,manual,0.0,0.0,1,(в тексте),unknown,0,0,,"For these reasons, THE COURT, by nine votes to six, finds that the claim of New Zealand no longer has any object and that the Court is therefore not called upon to give a decision …"
62,AegeanSeaContinentalShelf,GRC,TUR,1978,1978-12-19,ICJ_062_AegeanSeaContinentalShelf_GRC_TUR_1978-12-19_JUD_01_PO_00_EN.txt,12-2,False,respondent_win,auto,0.0,0.0,1,(в тексте),unknown,0,0,,"For these reasons, THE COURT, by 12 votes to 2, finds that it is without jurisdiction to entertain the Application filed by the Government of the Hellenic Republic on 10 August 197…"
63,ContinentalShelf,TUN,LBY,1982,1982-02-24,ICJ_063_ContinentalShelf_TUN_LBY_1982-02-24_JUD_01_ME_00_EN.txt,10-4,False,mixed,review,0.0,0.0,1,(в тексте),unknown,0,0,,"For these reasons, THE COURT, by ten votes to four, finds that : A. The principles and rules of international law applicable for the delimitation, to be effected by agreement in im…"
64,USDiplomaticStaffTehran,USA,IRN,1980,1980-05-24,ICJ_064_USDiplomaticStaffTehran_USA_IRN_1980-05-24_JUD_01_ME_00_EN.txt,13-2;13-2;12-3,True,applicant_win,manual,0.0,0.0,0,,unknown,0,0,,"For these reasons, THE COURT, 1. By thirteen votes to two, Decides that the Islamic Republic of Iran, by the conduct which the Court has set out in this Judgment, has violated in s…"
67,GulfOfMaine,CAN,USA,1984,1984-10-12,ICJ_067_GulfOfMaine_CAN_USA_1984-10-12_JUD_01_ME_00_EN.txt,,False,mixed,review,0.0,0.0,1,(в тексте),unknown,0,0,,"For these reasons, THE CHAMBER, By four votes to one, Decides That the course of the single maritime boundary that divides the continental shelf and the exclusive fisheries zones o…"
68,ContinentalShelf,LBY,MLT,1985,1985-06-03,ICJ_068_ContinentalShelf_LBY_MLT_1985-06-03_JUD_01_ME_00_EN.txt,14-3,False,mixed,review,0.0,0.0,1,(в тексте),unknown,0,0,,"For these reasons, THE COURT, by fourteen votes to three, finds that, with reference to the areas of continental shelf between the coasts of the Parties within the limits defined i…"
69,FrontierDispute,BFA,MLI,1986,1986-12-22,ICJ_069_FrontierDispute_BFA_MLI_1986-12-22_JUD_01_ME_00_EN.txt,,True,mixed,review,0.0,0.0,1,(в тексте),unknown,0,0,,"For these reasons, THE CHAMBER, Unanimously, Decides A. That the frontier line between Burkina Faso and the Republic of Mali in the disputed area, as defined in the Special Agreeme…"
70,MilitaryParamilitaryActivitiesNicaragua,NIC,USA,1986,1986-06-27,ICJ_070_MilitaryParamilitaryActivitiesNicaragua_NIC_USA_1986-06-27_JUD_01_ME_00_EN.txt,11-4;12-3;12-3;12-3;12-3;12-3,False,applicant_win,manual,2.0,1.0,1,(в тексте),unknown,0,0,"APP_LOSS(NIC): by directing or authorizing overflights of Nicaraguan territory, and by the acts | APP_LOSS(NIC): r territorial waters of the Republic of Nicaragua during the first months of 198 | RESP_LOSS(USA): Rejects the justification of collective self-defence maintained by the United St","For these reasons, THE COURT (1) By eleven votes to four, Decides that in adjudicating the dispute brought before it by the Application filed by the Republic of Nicaragua on 9 Apri…"
71,ContinentalShelf-InterpretationRevision,TUN,LBY,1985,1985-12-10,ICJ_071_ContinentalShelf-InterpretationRevision_TUN_LBY_1985-12-10_JUD_01_ME_00_EN.txt,,True,respondent_win,auto,0.0,0.0,1,(в тексте),unknown,0,0,,"For these reasons, THE COURT, A. Unanimously, Finds inadmissible the request submitted by the Republic of Tunisia for revision, under Article 61 of the Statute of the Court, of the…"
74,TransborderArmedActions,NIC,HND,1988,1988-12-20,ICJ_074_TransborderArmedActions_NIC_HND_1988-12-20_JUD_01_PO_00_EN.txt,,False,respondent_win,auto,0.0,0.0,0,,unknown,0,0,,"For these reasons the Government of Nicaragua respectfully asks the Court to declare that it has jurisdiction or, alternatively, to reserve any question which does not possess an e…"
75,LandIslandMaritimeFrontier,SLV,HND,1992,1990-09-13,ICJ_075_LandIslandMaritimeFrontier_SLV_HND_1990-09-13_JUD_01_IN_00_EN.txt,,False,mixed,review,0.0,0.0,1,(в тексте),unknown,0,0,,for these reasons Nicaragua’s Application should not be accepted. 87. El Salvador complains that although Nicaragua states that its object is to “protect the legal rights of the Re…
76,ELSI,GBR,ITA,1989,1989-07-20,ICJ_076_ELSI_GBR_ITA_1989-07-20_JUD_01_ME_00_EN.txt,,True,mixed,review,0.0,0.0,0,,unknown,0,0,,"For these reasons, THE CHAMBER, (1) Unanimously, Rejects the objection presented by the Italian Republic to the admissibility of the Application filed in this case by the United St…"
78,MaritimeDelimitation-GreenlandJanMayen,DNK,NOR,1993,1993-06-14,ICJ_078_MaritimeDelimitation-GreenlandJanMayen_DNK_NOR_1993-06-14_JUD_01_ME_00_EN.txt,,False,applicant_win,review,0.0,0.0,1,(в тексте),unknown,0,0,,"For these reasons, the Court concludes that the conduct of the Parties does not constitute an element which could influence the operation of delimitation in the present case. * * 8…"
80,CertainPhosphateLands,NRU,AUS,1992,1992-06-26,ICJ_080_CertainPhosphateLands_NRU_AUS_1992-06-26_JUD_01_PO_00_EN.txt,9-4;9-4,True,respondent_win,auto,0.0,0.0,0,,unknown,0,0,,"For these reasons, THE COURT, (1) (a) rejects, unanimously, the preliminary objection based on the reservation made by Australia in its declaration of acceptance of the compulsory …"
82,ArbitralAward1989,GNB,SEN,1991,1991-11-12,ICJ_082_ArbitralAward1989_GNB_SEN_1991-11-12_JUD_01_ME_00_EN.txt,11-4;12-3,True,respondent_win,auto,3.0,0.0,1,(в тексте),unknown,0,0,APP_LOSS(GNB): Rejects the submission of the Republic of Guinea-Bissau that the Arbitral Award | APP_LOSS(GNB): Rejects the submission of the Republic of Guinea-Bissau that the Arbitral Award | APP_LOSS(GNB): Rejects the submission of the Republic of Guinea-Bissau that the Government of S,"for these reasons, be considered wholly null and void. 62. The Court observes that the Award states that the 1960 Agreement “clearly determines the maritime boundary as regards the…"
83,TerritorialDispute,LBY,TCD,1994,1994-02-03,ICJ_083_TerritorialDispute_LBY_TCD_1994-02-03_JUD_01_ME_00_EN.txt,,False,respondent_win,review,0.0,0.0,1,(в тексте),unknown,0,0,,"For these reasons, the Court concludes that the line described in the 1919 Convention represents the frontier between Chad and Libya to the east of the meridian 16° east. 61. The C…"
84,EastTimor,PRT,AUS,1995,1995-06-30,ICJ_084_EastTimor_PRT_AUS_1995-06-30_JUD_01_PO_00_EN.txt,14-2,False,respondent_win,manual,0.0,0.0,1,(в тексте),unknown,0,0,,"For these reasons, THE COURT, By fourteen votes to two, Finds that it cannot in the present case exercise the jurisdiction conferred upon it by the declarations made by the Parties…"
87,MaritimeDelimitation,QAT,BHR,2001,2001-03-16,ICJ_087_MaritimeDelimitation_QAT_BHR_2001-03-16_JUD_01_ME_00_EN.txt,12-5;13-4;12-5;13-4,True,mixed,review,0.0,0.0,1,(в тексте),unknown,0,0,,"For these reasons, THE COURT, (1) Unanimously, ! A copy of this map will be found in a pocket at the end of this fascicle or inside the back cover of the volume of I. C.J. Reports …"
88,Lockerbie,LBY,GBR,1998,1998-02-27,ICJ_088_Lockerbie_LBY_GBR_1998-02-27_JUD_01_PO_00_EN.txt,13-3;13-3;12-4;12-4;10-6,False,applicant_win,auto,0.0,0.0,1,(в тексте),unknown,0,0,,"For these reasons, THE COURT, (1) (a) By thirteen votes to three, Rejects the objection to jurisdiction raised by the United Kingdom on the basis of the alleged absence of a disput…"
89,Lockerbie,LBY,USA,1998,1998-02-27,ICJ_089_Lockerbie_LBY_USA_1998-02-27_JUD_01_PO_00_EN.txt,13-2;13-2;12-3;12-3;10-5,False,applicant_win,auto,0.0,0.0,1,(в тексте),unknown,0,0,,"For these reasons, THE COURT, (1) (a) By thirteen votes to two, Rejects the objection to jurisdiction raised by the United States on the basis of the alleged absence of a dispute b…"
90,OilPlatforms,IRN,USA,2003,1996-12-12,ICJ_090_OilPlatforms_IRN_USA_1996-12-12_JUD_01_PO_00_EN.txt,14-2;14-2,False,respondent_win,review,0.0,0.0,1,(в тексте),unknown,0,0,,"For these reasons, THE COURT, (1) Rejects, by fourteen votes to two, the preliminary objection of the United States of America according to which the Treaty of 1955 does not provid…"
91,ApplicationGenocideConvention,BIH,SCG,2007,2007-02-26,ICJ_091_ApplicationGenocideConvention_BIH_SCG_2007-02-26_JUD_01_ME_00_EN.txt,10-5;13-2;13-2;11-4;12-3;13-2;13-2,False,respondent_win,auto,0.0,0.0,1,(в тексте),unknown,0,0,,"For these reasons, THE COURT, (1) by ten votes to five, Rejects the objections contained in the final submissions made by the Respondent to the effect that the Court has no jurisdi…"
92,GabcikovoNagymaros,HUN,SVK,1997,1997-09-25,ICJ_092_GabcikovoNagymaros_HUN_SVK_1997-09-25_JUD_01_ME_00_EN.txt,9-6;10-5;11-4;12-3;13-2;13-2;12-3;13-2,False,mixed,review,0.0,0.0,1,(в тексте),unknown,0,0,,"For these reasons, THE COURT, (1) Having regard to Article 2, paragraph 1, of the Special Agreement, 79 A. By fourteen votes to one, Finds that Hungary was not entitled to suspend …"
94,LandMaritimeBoundary,CMR,NGA,2002,1998-06-11,ICJ_094_LandMaritimeBoundary_CMR_NGA_1998-06-11_JUD_01_PO_00_EN.txt,14-3;15-2;13-4;13-4;15-2;12-5;12-5;14-3;14-3,False,applicant_win,review,0.0,0.0,1,(в тексте),unknown,0,0,,"For these reasons, THE COURT, (19 (a) By fourteen votes to three, Rejects the first preliminary objection; IN FAVOUR: President Schwebel; Judges Oda, Bedjaoui, Guillaume, Ranjeva, …"
96,FisheriesJurisdiction,ESP,CAN,1998,1998-12-04,ICJ_096_FisheriesJurisdiction_ESP_CAN_1998-12-04_JUD_01_PO_00_EN.txt,12-5,False,respondent_win,auto,0.0,0.0,1,(в тексте),unknown,0,0,,"For these reasons, THE COURT, By twelve votes to five, Finds that it has no jurisdiction to adjudicate upon the dispute brought before it by the Application filed by the Kingdom of…"
98,KasikiliSedudu,BWA,NAM,1999,1999-12-13,ICJ_098_KasikiliSedudu_BWA_NAM_1999-12-13_JUD_01_ME_00_EN.txt,11-4;11-4,True,respondent_win,manual,0.0,0.0,0,,unknown,0,0,,"For these reasons, THE COURT, (1) By eleven votes to four, Finds that the boundary between the Republic of Botswana and the Republic of Namibia follows the line of deepest sounding…"
101,LandMaritimeBoundary-Interpretation,CMR,NGA,1999,1999-03-25,ICJ_101_LandMaritimeBoundary-Interpretation_CMR_NGA_1999-03-25_JUD_01_PO_00_EN.txt,13-3,True,respondent_win,auto,0.0,0.0,1,(в тексте),unknown,0,0,,"For these reasons, THE COURT, (1) By thirteen votes to three, Declares inadmissible the request for interpretation of the Judgment of Il June 1998 in the case concerning the Land a…"
102,SovereigntyPulau,IDN,MYS,2002,2001-10-23,ICJ_102_SovereigntyPulau_IDN_MYS_2001-10-23_JUD_01_IN_00_EN.txt,,False,respondent_win,review,0.0,0.0,1,and those of the Parties in the case. 9. Mr. Shahabuddeen;ysia Mr. Christopher Gregory Weeramantry. 7. Mr. Shahabuddeen,unknown,0,0,,"For these reasons, the filing of the Philippine Application on 13 March 2001 cannot be viewed as made after the closure of the written proceedings and remained within the specific …"
103,Diallo,GIN,COD,2012,2010-11-30,ICJ_103_Diallo_GIN_COD_2010-11-30_JUD_01_ME_00_EN.txt,8-6;12-2;9-5,True,respondent_win,auto,0.5,0.0,1,(в тексте),unknown,0,0,APP_WEAK(COD won a point),"For these reasons, THE COURT, (1) By eight votes to six, Finds that the claim of the Republic of Guinea concerning the arrest d detention of Mr. Diallo in 1988-1989 is inadmissible…"
104,LaGrand,DEU,USA,2001,2001-06-27,ICJ_104_LaGrand_DEU_USA_2001-06-27_JUD_01_ME_00_EN.txt,13-2;12-3;13-2,True,applicant_win,manual,0.0,0.0,0,,unknown,0,0,,"For these reasons, THE COURT, (1) By fourteen votes to one, Finds that it has jurisdiction, on the basis of Article I of the Optional Protocol concerning the Compulsory Settlement …"
105,UseOfForce,SCG,BEL,2004,2004-12-15,ICJ_105_UseOfForce_SCG_BEL_2004-12-15_JUD_01_PO_00_EN.txt,,True,respondent_win,auto,0.0,0.0,1,(в тексте),unknown,0,0,,"For these reasons, THE COURT, Unanimously, Finds that it has no jurisdiction to entertain the claims made in the Application filed by Serbia and Montenegro on 29 April 1999. Done i…"
106,UseOfForce,SCG,CAN,2004,2004-12-15,ICJ_106_UseOfForce_SCG_CAN_2004-12-15_JUD_01_PO_00_EN.txt,,True,respondent_win,auto,0.0,0.0,1,(в тексте),unknown,0,0,,"For these reasons, THE COURT, Unanimously, Finds that it has no jurisdiction to entertain the claims made in the Application filed by Serbia and Montenegro on 29 April 1999. Done i…"
107,UseOfForce,SCG,FRA,2004,2004-12-15,ICJ_107_UseOfForce_SCG_FRA_2004-12-15_JUD_01_PO_00_EN.txt,,True,respondent_win,auto,0.0,0.0,1,(в тексте),unknown,0,0,,"For these reasons, THE COURT, Unanimously, Finds that it has no jurisdiction to entertain the claims made in the Application filed by Serbia and Montenegro on 29 April 1999. Done i…"
108,UseOfForce,SCG,DEU,2004,2004-12-15,ICJ_108_UseOfForce_SCG_DEU_2004-12-15_JUD_01_PO_00_EN.txt,,True,respondent_win,auto,0.0,0.0,1,(в тексте),unknown,0,0,,"For these reasons, THE COURT, Unanimously, Finds that it has no jurisdiction to entertain the claims made in the Application filed by Serbia and Montenegro on 29 April 1999. Done i…"
109,UseOfForce,SCG,ITA,2004,2004-12-15,ICJ_109_UseOfForce_SCG_ITA_2004-12-15_JUD_01_PO_00_EN.txt,,True,respondent_win,auto,0.0,0.0,1,(в тексте),unknown,0,0,,"For these reasons, THE COURT, Unanimously, Finds that it has no jurisdiction to entertain the claims made in the Application filed by Serbia and Montenegro on 29 April 1999. Done i…"
110,UseOfForce,SCG,NLD,2004,2004-12-15,ICJ_110_UseOfForce_SCG_NLD_2004-12-15_JUD_01_PO_00_EN.txt,,True,respondent_win,auto,0.0,0.0,1,(в тексте),unknown,0,0,,"For these reasons, THE COURT, Unanimously, Finds that it has no jurisdiction to entertain the claims made in the Application filed by Serbia and Montenegro on 29 April 1999. Done i…"
111,UseOfForce,SCG,PRT,2004,2004-12-15,ICJ_111_UseOfForce_SCG_PRT_2004-12-15_JUD_01_PO_00_EN.txt,,True,respondent_win,auto,0.0,0.0,1,(в тексте),unknown,0,0,,"For these reasons, THE COURT, Unanimously, Finds that it has no jurisdiction to entertain the claims made in the Application filed by Serbia and Montenegro on 29 April 1999. 50 LEG…"
113,UseOfForce,SCG,GBR,2004,2004-12-15,ICJ_113_UseOfForce_SCG_GBR_2004-12-15_JUD_01_PO_00_EN.txt,,True,respondent_win,auto,0.0,0.0,1,(в тексте),unknown,0,0,,"For these reasons, THE COURT, Unanimously, Finds that it has no jurisdiction to entertain the claims made in the Application filed by Serbia and Montenegro on 29 April 1999. Done i…"
116,ArmedActivities,COD,UGA,2022,2022-02-09,ICJ_116_ArmedActivities_COD_UGA_2022-02-09_JUD_01_CO_00_EN.txt,12-2;12-2;12-2;12-2,True,respondent_win,auto,1.0,0.0,1,(в тексте),unknown,0,0,APP_LOSS(COD): Rejects the request of the Democratic Republic of the Congo that the costs it in,"For these reasons, The Court, (1) Fixes the following amounts for the compensation due from the Republic of Uganda to the Democratic Republic of the Congo for the damage caused by …"
118,ApplicationGenocideConvention,HRV,SRB,2015,2008-11-18,ICJ_118_ApplicationGenocideConvention_HRV_SRB_2008-11-18_JUD_01_PO_00_EN.txt,10-7;12-5;10-7;11-6;12-5,False,applicant_win,auto,0.0,3.0,1,(в тексте),unknown,0,0,RESP_LOSS(SRB): Rejects the first preliminary objection submitted by the Republic of Serbia in s | RESP_LOSS(SRB): Rejects the first preliminary objection submitted by the Republic of Serbia in s | RESP_LOSS(SRB): Rejects the third preliminary objection submitted by the Republic of Serbia. IN,"For these reasons, THE COURT, (1) By ten votes to seven, Rejects the first preliminary objection submitted by the Republic of Serbia in so far as it relates to its capacity to part…"
119,AerialIncident1999,PAK,IND,2000,2000-06-21,ICJ_119_AerialIncident1999_PAK_IND_2000-06-21_JUD_01_PO_00_EN.txt,14-2,False,respondent_win,auto,0.0,0.0,1,(в тексте),unknown,0,0,,"For these reasons, THE COURT, By fourteen votes to two, Finds that it has no jurisdiction to entertain the Application filed by the Islamic Republic of Pakistan on 21 September 199…"
120,TerritorialDispute-CaribbeanSea,NIC,HND,2007,2007-10-08,ICJ_120_TerritorialDispute-CaribbeanSea_NIC_HND_2007-10-08_JUD_01_ME_00_EN.txt,15-2;14-3,True,mixed,review,0.0,0.0,1,(в тексте),unknown,0,0,,"For these reasons, THE COURT, (1) Unanimously, Finds that the Republic of Honduras has sovereignty over Bobel Cay, Savanna Cay, Port Royal Cay and South Cay ; (2) By fifteen votes …"
121,ArrestWarrant,COD,BEL,2002,2002-02-14,ICJ_121_ArrestWarrant_COD_BEL_2002-02-14_JUD_01_ME_00_EN.txt,13-3;10-6,False,applicant_win,manual,0.0,1.0,1,(в тексте),unknown,0,0,RESP_LOSS(BEL): Rejects the objections of the Kingdom of Belgium relating to jurisdic- tion,"For these reasons, THE COURT, (1) (A) By fifteen votes to one, Rejects the objections of the Kingdom of Belgium relating to jurisdic- tion, mootness and admissibility ; IN FAVOUR: …"
122,ApplicationGenocideConvention-Revision,BIH,YUG,2003,2003-02-03,ICJ_122_ApplicationGenocideConvention-Revision_BIH_YUG_2003-02-03_JUD_01_ME_00_EN.txt,10-3,False,respondent_win,auto,0.0,0.0,1,(в тексте),unknown,0,0,,"For these reasons, THE COURT, By ten votes to three, Finds that the Application submitted by the Federal Republic of Yugoslavia for revision, under Article 61 of the Statute of the…"
123,CertainProperty,LIE,DEU,2005,2005-02-10,ICJ_123_CertainProperty_LIE_DEU_2005-02-10_JUD_01_PO_00_EN.txt,12-4,False,respondent_win,auto,0.0,0.0,1,(в тексте),unknown,0,0,,"For these reasons, THE COURT, (1) (a) by tifteen votes to one, Rejecls the preliminary objection that there is no dispute between Liechtenstein and Germany; IN FAVOUR: President Sh…"
124,TerritorialDispute,NIC,COL,2012,2007-12-13,ICJ_124_TerritorialDispute_NIC_COL_2007-12-13_JUD_01_PO_00_EN.txt,13-4;14-3,True,respondent_win,review,0.0,0.0,1,(в тексте),unknown,0,0,,"For these reasons, THE COURT, (1) As regards the first preliminary objection to jurisdiction raised by the Republic of Colombia on the basis of Articles VI and XXXIV of the Pact of…"
125,FrontierDispute,BEN,NER,2005,2005-07-12,ICJ_125_FrontierDispute_BEN_NER_2005-07-12_JUD_01_ME_00_EN.txt,,True,mixed,review,0.0,0.0,1,(в тексте),unknown,0,0,,"For these reasons, THE CHAMBER, (1) By four votes to one, Finds that the boundary between the Republic of Benin and the Republic of Niger in the River Niger sector takes the follow…"
126,ArmedActivitiesApp2002,COD,RWA,2006,2006-02-03,ICJ_126_ArmedActivitiesApp2002_COD_RWA_2006-02-03_JUD_01_PO_00_EN.txt,15-2,False,respondent_win,auto,0.0,0.0,1,(в тексте),unknown,0,0,,"For these reasons, THE COURT, By fifteen votes to two, Finds that it has no jurisdiction to entertain the Application filed by the Democratic Republic of the Congo on 28 May 2002. …"
127,LandIslandMaritimeFrontier-Revision,SLV,HND,2003,2003-12-18,ICJ_127_LandIslandMaritimeFrontier-Revision_SLV_HND_2003-12-18_JUD_01_ME_00_EN.txt,,False,respondent_win,auto,0.0,0.0,1,(в тексте),unknown,0,0,,"For these reasons, THE CHAMBER, By four votes to one, Finds that the Application submitted by the Republic of El Salvador for revision, under Article 61 of the Statute of the Court…"
128,Avena,MEX,USA,2004,2004-03-31,ICJ_128_Avena_MEX_USA_2004-03-31_JUD_01_ME_00_EN.txt,13-2,True,applicant_win,manual,1.0,2.0,1,(в тексте),unknown,0,0,RESP_LOSS(USA): Rejects the objection by the United Mexican States to the admissibility of the o | RESP_LOSS(USA): Rejects the four objections-by the United States of America to the jurisdiction | APP_LOSS(MEX): Rejects the five objections by the United States of America to the admissibility,"For these reasons, THE COURT, (1) By thirteen votes to two, 62 71 AVENA AND OTHERS (JUDGMENT) Rejects the objection by the United Mexican States to the admissibility of the objecti…"
130,PedraBranca,MYS,SGP,2008,2008-05-23,ICJ_130_PedraBranca_MYS_SGP_2008-05-23_JUD_01_ME_00_EN.txt,12-4,False,respondent_win,manual,0.0,0.0,1,(в тексте),unknown,0,0,,"For these reasons, THE COURT, (1) By twelve votes to four, Finds that sovereignty over Pedra Branca/Pulau Batu Puteh belongs to he Republic of Singapore ; IN FAVOUR : Vice-Presiden…"
132,MaritimeDelimitation-BlackSea,ROU,UKR,2009,2009-02-03,ICJ_132_MaritimeDelimitation-BlackSea_ROU_UKR_2009-02-03_JUD_01_ME_00_EN.txt,,False,mixed,review,0.0,0.0,1,(в тексте),unknown,0,0,,"For these reasons, the Court considers it appropriate, for the purse of establishing the provisional equidistance line, to use a base point the Sacalin Peninsula (44° 50′ 28″ N and…"
133,NavigationalRights,CRI,NIC,2009,2009-07-13,ICJ_133_NavigationalRights_CRI_NIC_2009-07-13_JUD_01_ME_00_EN.txt,9-5;12-2;9-5,True,applicant_win,review,0.0,0.0,1,(в тексте),unknown,0,0,,"For these reasons, THE COURT, (1) As regards Costa Rica’s navigational rights on the San Juan River under the 1858 Treaty, in that part where navigation is common, (a) Unanimously,…"
135,PulpMills,ARG,URY,2010,2010-04-20,ICJ_135_PulpMills_ARG_URY_2010-04-20_JUD_01_ME_00_EN.txt,11-3,True,applicant_win,auto,0.5,1.0,1,(в тексте),unknown,0,0,RESP_LOSS(URY): Finds that the Eastern Republic of Uruguay has breached | APP_WEAK(URY won a point),"For these reasons, THE COURT, (1) By thirteen votes to one, Finds that the Eastern Republic of Uruguay has breached its proceral obligations under Articles 7 to 12 of the 1975 Stat…"
136,MutualAssistanceCriminalMatters,DJI,FRA,2008,2008-06-04,ICJ_136_MutualAssistanceCriminalMatters_DJI_FRA_2008-06-04_JUD_01_ME_00_EN.txt,12-4;13-3,True,respondent_win,auto,0.0,0.0,1,(в тексте),unknown,0,0,,"For these reasons, THE COURT, (1) As regards the jurisdiction of the Court, (a) Unanimously, Finds that it has jurisdiction to adjudicate upon the dispute concerning the execution …"
137,MaritimeDispute,PER,CHL,2014,2014-01-27,ICJ_137_MaritimeDispute_PER_CHL_2014-01-27_JUD_01_ME_00_EN.txt,10-6;10-6,False,mixed,review,0.0,0.0,1,(в тексте),unknown,0,0,,"For these reasons, The Court, (1) By fifteen votes to one, Decides that the starting-point of the single maritime boundary delimiting the respective maritime areas between the Repu…"
139,Avena-Interpretation,MEX,USA,2009,2009-01-19,ICJ_139_Avena-Interpretation_MEX_USA_2009-01-19_JUD_01_ME_00_EN.txt,,False,respondent_win,auto,0.0,0.0,0,,unknown,0,0,,"For these reasons, the Court cannot accede to Mexico’s Request for interpretation. * * 18 18 REQUEST FOR INTERPRETATION (JUDGMENT) 47. Before proceeding to the additional requests …"
140,ICERD,GEO,RUS,2011,2011-04-01,ICJ_140_ICERD_GEO_RUS_2011-04-01_JUD_01_PO_00_EN.txt,12-4;10-6;10-6,False,respondent_win,auto,0.0,0.0,1,(в тексте),unknown,0,0,,"For these reasons, The Court, (1) (a) By twelve votes to four, Rejects the first preliminary objection raised by the Russian Federation ; in favour : President Owada ; Judges Al-Kh…"
142,InterimAccord1995,MKD,GRC,2011,2011-12-05,ICJ_142_InterimAccord1995_MKD_GRC_2011-12-05_JUD_01_ME_00_EN.txt,14-2,False,applicant_win,review,0.0,0.0,1,(в тексте),unknown,0,0,,"For these reasons, The Court, (1) By fourteen votes to two, Finds that it has jurisdiction to entertain the Application filed by the former Yugoslav Republic of Macedonia on 17 Nov…"
143,JurisdictionalImmunities2008,DEU,ITA,2012,2012-02-03,ICJ_143_JurisdictionalImmunities2008_DEU_ITA_2012-02-03_JUD_01_ME_00_EN.txt,12-3,True,applicant_win,auto,0.0,3.0,1,(в тексте),unknown,0,0,RESP_LOSS(ITA): Finds that the Italian Republic has violated | RESP_LOSS(ITA): Finds that the Italian Republic has violated | RESP_LOSS(ITA): Finds that the Italian Republic has violated,"For these reasons, The Court, (1) By twelve votes to three, Finds that the Italian Republic has violated its obligation to respect the immunity which the Federal Republic of German…"
144,ObligationProsecuteExtradite,BEL,SEN,2012,2012-07-20,ICJ_144_ObligationProsecuteExtradite_BEL_SEN_2012-07-20_JUD_01_ME_00_EN.txt,14-2;14-2;14-2;14-2,True,respondent_win,auto,0.0,0.0,1,(в тексте),unknown,0,0,,"For these reasons, The Court, (1) Unanimously, Finds that it has jurisdiction to entertain the dispute between the Parties concerning the interpretation and application of Article …"
148,WhalingAntarctic,AUS,JPN,2014,2014-03-31,ICJ_148_WhalingAntarctic_AUS_JPN_2014-03-31_JUD_01_ME_00_EN.txt,12-4;12-4;12-4;12-4;13-3;12-4,True,applicant_win,manual,0.0,1.0,1,(в тексте),unknown,0,0,RESP_LOSS(JPN): ses of scientific research within the meaning of Article VIII and that Japan thu,"For these reasons, the Court is persuaded that Japan has met the requirements of paragraph 30 as far as JARPA II is concerned. * * * 75 8 CIJ1062.indb 278 18/05/15 09:29 298 whalin…"
149,FrontierDispute,BFA,NER,2013,2013-04-16,ICJ_149_FrontierDispute_BFA_NER_2013-04-16_JUD_01_ME_00_EN.txt,,True,mixed,review,0.0,0.0,1,(в тексте),unknown,0,0,,"For these reasons, The Court, (1) Unanimously, Finds that it cannot uphold the requests made in points 1 and 3 of the final submissions of Burkina Faso; (2) Unanimously, Decides th…"
150,CertainActivitiesBorderArea,CRI,NIC,2018,2015-12-16,ICJ_150_CertainActivitiesBorderArea_CRI_NIC_2015-12-16_JUD_01_ME_00_EN.txt,14-2;12-4;13-3,True,applicant_win,auto,0.0,3.0,1,(в тексте),unknown,0,0,RESP_LOSS(NIC): Nicaragua has violated | RESP_LOSS(NIC): Nicaragua has breached | RESP_LOSS(NIC): Nicaragua has breached,"For these reasons, The Court, (1) By fourteen votes to two, Finds that Costa Rica has sovereignty over the “disputed territory”, as defined by the Court in paragraphs 69-70 of the …"
151,TemplePreahVihear-Interpretation,KHM,THA,2013,2013-11-11,ICJ_151_TemplePreahVihear-Interpretation_KHM_THA_2013-11-11_JUD_01_ME_00_EN.txt,,True,applicant_win,manual,0.0,0.0,1,(в тексте),unknown,0,0,,"For these reasons, The Court, (1) Unanimously, Finds that it has jurisdiction under Article 60 of the Statute to entertain the Request for interpretation of the 1962 Judgment prese…"
152,SanJuanRiver,NIC,CRI,2015,2015-12-16,ICJ_152_SanJuanRiver_NIC_CRI_2015-12-16_JUD_01_ME_00_EN.txt,14-2;12-4;13-3,True,respondent_win,auto,3.0,0.0,1,(в тексте),unknown,0,0,APP_LOSS(NIC): Nicaragua has violated | APP_LOSS(NIC): Nicaragua has breached | APP_LOSS(NIC): Nicaragua has breached,"For these reasons, The Court, (1) By fourteen votes to two, Finds that Costa Rica has sovereignty over the “disputed territory”, as defined by the Court in paragraphs 69-70 of the …"
153,AccessPacificOcean,BOL,CHL,2018,2015-09-24,ICJ_153_AccessPacificOcean_BOL_CHL_2015-09-24_JUD_01_PO_00_EN.txt,14-2;14-2,False,applicant_win,auto,0.0,1.0,1,(в тексте),unknown,0,0,RESP_LOSS(CHL): Rejects the preliminary objection raised by the Republic of Chile,"For these reasons, The Court, (1) By fourteen votes to two, Rejects the preliminary objection raised by the Republic of Chile; 22 5 CIJ1084.indb 172 18/05/16 14:13 611 obligation t…"
154,DelimitationContinentalShelf,NIC,COL,2023,2023-07-13,ICJ_154_DelimitationContinentalShelf_NIC_COL_2023-07-13_JUD_01_ME_00_EN.txt,13-4;13-4;12-5,False,respondent_win,auto,3.0,0.0,1,(в тексте),unknown,0,0,APP_LOSS(NIC): Rejects the request made by the Republic of Nicaragua that the Court adjudge and | APP_LOSS(NIC): Rejects the request made by the Republic of Nicaragua that the Court adjudge and | APP_LOSS(NIC): Rejects the request made by the Republic of Nicaragua with respect to the mariti,"For these reasons, the request contained in Nicaragua’s third submission cannot be upheld. * - 34 - 103. In light of the above, the Court has no need to fix a timetable for further…"
155,SovereignRightsCaribbeanSea,NIC,COL,2022,2022-04-21,ICJ_155_SovereignRightsCaribbeanSea_NIC_COL_2022-04-21_JUD_01_ME_00_EN.txt,10-5;10-5;9-6;9-6;13-2;12-3;12-3,False,applicant_win,auto,0.0,2.0,1,(в тексте),unknown,0,0,RESP_LOSS(COL): the Republic of Colombia has violated | RESP_LOSS(COL): the Republic of Colombia has violated,"For these reasons, The Court, (1) By ten votes to five, Finds that its jurisdiction, based on Article XXXI of the Pact of Bogotá, to adjudicate upon the dispute regarding the alleg…"
157,MaritimeDelimitation-CaribbeanPacific,CRI,NIC,2018,2018-02-02,ICJ_157_MaritimeDelimitation-CaribbeanPacific_CRI_NIC_2018-02-02_JUD_01_CO_00_EN.txt,14-2;14-2,True,applicant_win,auto,0.0,2.0,1,(в тексте),unknown,0,0,RESP_LOSS(NIC): the Republic of Nicaragua has violated | RESP_LOSS(NIC): the Republic of Nicaragua has violated the sovereignty,"For these reasons, The Court, (1) By fifteen votes to one, Finds that the Republic of Nicaragua’s claim concerning sovereignty over the northern coast of Isla Portillos is admissib…"
158,NuclearDisarmament,MHL,IND,2016,2016-10-05,ICJ_158_NuclearDisarmament_MHL_IND_2016-10-05_JUD_01_PO_00_EN.txt,9-7;10-6,False,respondent_win,review,0.0,0.0,1,(в тексте),unknown,0,0,,"For these reasons, The Court, (1) By nine votes to seven, Upholds the objection to jurisdiction raised by India, based on the absence of a dispute between the Parties; in favour: P…"
159,NuclearDisarmament,MHL,PAK,2016,2016-10-05,ICJ_159_NuclearDisarmament_MHL_PAK_2016-10-05_JUD_01_PO_00_EN.txt,9-7;10-6,False,respondent_win,review,0.0,0.0,1,(в тексте),unknown,0,0,,"For these reasons, The Court, (1) By nine votes to seven, Upholds the objection to jurisdiction raised by Pakistan, based on the absence of a dispute between the Parties; in favour…"
160,NuclearDisarmament,MHL,GBR,2016,2016-10-05,ICJ_160_NuclearDisarmament_MHL_GBR_2016-10-05_JUD_01_PO_00_EN.txt,8-8;9-7,False,respondent_win,review,0.0,0.0,1,(в тексте),unknown,0,0,,"For these reasons, The Court, (1) By eight votes to eight, by the President’s casting vote, Upholds the first preliminary objection to jurisdiction raised by the United Kingdom of …"
161,MaritimeDelimitation-IndianOcean,SOM,KEN,2021,2021-10-12,ICJ_161_MaritimeDelimitation-IndianOcean_SOM_KEN_2021-10-12_JUD_01_ME_00_EN.txt,10-4;9-5,True,respondent_win,auto,1.0,0.0,1,(в тексте),unknown,0,0,APP_LOSS(SOM): Rejects the claim made by the Federal Republic of Somalia in its final submissio,"For these reasons, The Court, (1) Unanimously, Finds that there is no agreed maritime boundary between the Federal Republic of Somalia and the Republic of Kenya that follows the pa…"
162,SilalaWaters,CHL,BOL,2022,2022-12-01,ICJ_162_SilalaWaters_CHL_BOL_2022-12-01_JUD_01_ME_00_EN.txt,14-2,True,respondent_win,auto,1.0,0.0,1,(в тексте),unknown,0,0,APP_LOSS(CHL): Rejects the claim made by the Republic of Chile in its final submission,"For these reasons, the counter-claim made by Bolivia in its final submission (c) must be rejected. * * * - 46 - 163. For these reasons, THE COURT, (1) By fifteen votes to one, Find…"
163,ImmunitiesCriminalProceedings,GNQ,FRA,2020,2020-12-11,ICJ_163_ImmunitiesCriminalProceedings_GNQ_FRA_2020-12-11_JUD_01_ME_00_EN.txt,9-7;12-4;12-4,False,respondent_win,review,1.0,1.0,1,(в тексте),unknown,0,0,RESP_LOSS(FRA): Equatorial Guinea requests the Court to declare that France has breached | APP_WEAK(FRA won a point) | APP_WEAK(FRA won a point),"For these reasons, the Court concludes that the building at 42 avenue Foch in Paris has never acquired the status of “premises of the mission”, within the meaning of Article 1 (i) …"
164,IranianAssets,IRN,USA,2023,2023-03-30,ICJ_164_IranianAssets_IRN_USA_2023-03-30_JUD_01_ME_00_EN.txt,10-5;13-2;8-7;12-3;11-4;10-5;13-2,True,applicant_win,auto,1.0,4.0,1,(в тексте),unknown,0,0,RESP_LOSS(USA): Finds that the United States of America has violated | RESP_LOSS(USA): Finds that the United States of America has violated | RESP_LOSS(USA): Finds that the United States of America has violated | RESP_LOSS(USA): Finds that the United States of America has violated | APP_LOSS(IRN): Rejects the objection to admissibility raised by the United States of America re,"For these reasons, THE COURT, (1) By ten votes to five, Upholds the objection to jurisdiction raised by the United States of America relating to the claims of the Islamic Republic …"
165,IslaPortillos,CRI,NIC,2018,2018-02-02,ICJ_165_IslaPortillos_CRI_NIC_2018-02-02_JUD_01_CO_00_EN.txt,14-2;14-2,True,applicant_win,auto,0.0,2.0,1,(в тексте),unknown,0,0,RESP_LOSS(NIC): the Republic of Nicaragua has violated | RESP_LOSS(NIC): the Republic of Nicaragua has violated the sovereignty,"For these reasons, The Court, (1) By fifteen votes to one, Finds that the Republic of Nicaragua’s claim concerning sovereignty over the northern coast of Isla Portillos is admissib…"
166,ConventionTerrorismFinancingCERD,UKR,RUS,2019,2019-11-08,ICJ_166_ConventionTerrorismFinancingCERD_UKR_RUS_2019-11-08_JUD_01_PO_00_EN.txt,13-3;13-3,True,respondent_win,auto,1.0,0.0,1,(в тексте),unknown,0,0,APP_LOSS(UKR): Rejects the preliminary objection raised by the Russian Federation to the admiss,"For these reasons, The Court, (1) By thirteen votes to three, Rejects the preliminary objection raised by the Russian Federation that the Court lacks jurisdiction on the basis of A…"
168,Jadhav,IND,PAK,2019,2019-07-17,ICJ_168_Jadhav_IND_PAK_2019-07-17_JUD_01_ME_00_EN.txt,,False,respondent_win,auto,0.0,0.0,1,(в тексте),unknown,0,0,,"For these reasons, the submissions of the Government of India, respectfully request this Court to adjudge and declare that Pakistan acted in egregious breach of Article 36 of the V…"
171,ArbitralAward1899,GUY,VEN,2023,2020-12-18,ICJ_171_ArbitralAward1899_GUY_VEN_2020-12-18_JUD_01_PO_00_EN.txt,12-4,True,applicant_win,review,0.0,0.0,1,(в тексте),unknown,0,0,,"For these reasons, The Court, (1) By twelve votes to four, Finds that it has jurisdiction to entertain the Application filed by the Co-operative Republic of Guyana on 29 March 2018…"
172,ApplicationCERD,QAT,ARE,2021,2021-02-04,ICJ_172_ApplicationCERD_QAT_ARE_2021-02-04_JUD_01_PO_00_EN.txt,11-6;11-6,False,respondent_win,auto,0.0,0.0,1,(в тексте),unknown,0,0,,"For these reasons, The Court, (1) By eleven votes to six, Upholds the first preliminary objection raised by the United Arab Emirates; in favour: Vice-President Xue; Judges Tomka, A…"
173,ICAOCouncil-CICA,BHR-EGY-SAU-ARE,QAT,2020,2020-07-14,ICJ_173_ICAOCouncil-CICA_BHR-EGY-SAU-ARE_QAT_2020-07-14_JUD_01_ME_00_EN.txt,,False,applicant_win,review,0.0,0.0,1,(в тексте),unknown,0,0,,"For these reasons, and reserving the right to supplement, amplify or amend the present submissions, the Kingdom of Bahrain, the Arab Republic of Egypt, the Kingdom of Saudi Arabia …"
174,ICAOCouncil-IASTA,BHR-EGY-ARE,QAT,2020,2020-07-14,ICJ_174_ICAOCouncil-IASTA_BHR-EGY-ARE_QAT_2020-07-14_JUD_01_ME_00_EN.txt,,False,applicant_win,review,0.0,0.0,1,(в тексте),unknown,0,0,,"For these reasons, and reserving the right to supplement, amplify or amend the present submissions, the Kingdom of Bahrain, the Arab Republic of Egypt and the United Arab Emirates …"
175,1955AmityTreaty,IRN,USA,2021,2021-02-03,ICJ_175_1955AmityTreaty_IRN_USA_2021-02-03_JUD_01_PO_00_EN.txt,,True,applicant_win,auto,0.0,5.0,1,(в тексте),unknown,0,0,RESP_LOSS(USA): Rejects the preliminary objection to its jurisdiction raised by the United State | RESP_LOSS(USA): Rejects the preliminary objection to its jurisdiction raised by the United State | RESP_LOSS(USA): Rejects the preliminary objection to the admissibility of the Application raised | RESP_LOSS(USA): Rejects the preliminary objection raised by the United States of America on the | RESP_LOSS(USA): Rejects the preliminary objection raised by the United States of America on the,"For these reasons, The Court, (1) Unanimously, Rejects the preliminary objection to its jurisdiction raised by the United States of America according to which the subject-­matter o…"
178,ApplicationGenocideConvention,GMB,MMR,2022,2022-07-22,ICJ_178_ApplicationGenocideConvention_GMB_MMR_2022-07-22_JUD_01_PO_00_EN.txt,,True,applicant_win,review,0.0,0.0,1,(в тексте),unknown,0,0,,"For these reasons, Myanmar’s purported distinction between the entitlement to invoke responsibility under the Genocide Convention and standing to pursue a claim for this purpose be…"
